frame,time_seconds,confidence,x1,y1,x2,y2,X_3D,Y_3D,Z_3D,W_3D,H_3D,D_3D
26,1.084,0.7739,227,682,346,921,-6.5708,0.3314,16.2114,0.6938,1.4888,0.3081
27,1.125,0.7748,227,682,346,921,-6.5662,0.3311,16.1999,0.6933,1.4877,0.3079
28,1.167,0.7751,227,682,346,921,-6.5661,0.3311,16.1999,0.6933,1.4877,0.3079
29,1.209,0.7756,227,682,346,921,-6.5659,0.3311,16.1993,0.6933,1.4877,0.3078
30,1.25,0.7753,227,682,346,922,-6.5531,0.3303,16.168,0.6919,1.4847,0.3073
31,1.292,0.7764,227,682,346,922,-6.5529,0.3303,16.1674,0.6919,1.4847,0.3072
32,1.334,0.7777,227,682,346,921,-6.5646,0.331,16.1961,0.6932,1.4874,0.3078
33,1.375,0.778,227,682,346,921,-6.5689,0.3312,16.2067,0.6936,1.4884,0.308
34,1.417,0.7775,227,682,346,921,-6.5711,0.3314,16.212,0.6939,1.4889,0.3081
35,1.459,0.7771,227,682,346,921,-6.5711,0.3314,16.212,0.6939,1.4889,0.3081
36,1.5,0.7764,226,682,346,921,-6.5131,0.328,16.0703,0.6876,1.4754,0.3053
37,1.542,0.7757,226,682,346,921,-6.5131,0.328,16.0703,0.6876,1.4754,0.3053
38,1.584,0.7748,226,682,346,921,-6.5131,0.328,16.0703,0.6876,1.4754,0.3053
39,1.625,0.776,226,682,346,921,-6.5158,0.3281,16.077,0.6879,1.4761,0.3054
40,1.667,0.7769,226,683,346,921,-6.4955,0.327,16.0273,0.6857,1.4714,0.3045
41,1.709,0.7771,226,683,346,921,-6.495,0.3269,16.0262,0.6857,1.4713,0.3045
42,1.75,0.7775,226,683,346,921,-6.4906,0.3267,16.0155,0.6852,1.4702,0.3043
43,1.792,0.7774,226,683,346,921,-6.499,0.3272,16.0359,0.6861,1.4722,0.3047
44,1.834,0.7784,226,683,345,921,-6.5058,0.3275,16.0524,0.6868,1.4737,0.305
45,1.875,0.7778,226,683,346,921,-6.4992,0.3272,16.0363,0.6861,1.4722,0.3047
46,1.917,0.7782,226,683,346,921,-6.4999,0.3272,16.0381,0.6862,1.4724,0.3047
47,1.959,0.7765,226,683,345,921,-6.5108,0.3278,16.0648,0.6874,1.4749,0.3052
48,2.0,0.7768,226,682,345,921,-6.5281,0.3288,16.107,0.6892,1.4789,0.306
49,2.042,0.7761,226,683,345,921,-6.5107,0.3278,16.0646,0.6874,1.4749,0.3052
50,2.084,0.7761,226,683,345,921,-6.5106,0.3278,16.0643,0.6874,1.4749,0.3052
51,2.125,0.7758,227,683,345,921,-6.5544,0.3304,16.1713,0.6921,1.485,0.3073
52,2.167,0.7756,227,683,345,921,-6.5534,0.3303,16.1687,0.692,1.4848,0.3072
53,2.209,0.7768,227,684,345,921,-6.5432,0.3298,16.1438,0.6909,1.4824,0.3068
54,2.251,0.7757,226,683,345,921,-6.5077,0.3277,16.0572,0.687,1.4742,0.3051
55,2.292,0.7777,226,683,345,922,-6.492,0.3267,16.0188,0.6854,1.4706,0.3043
56,2.334,0.7771,226,683,345,922,-6.4905,0.3267,16.0152,0.6852,1.4702,0.3043
57,2.376,0.7771,226,683,345,922,-6.491,0.3267,16.0163,0.6853,1.4703,0.3043
58,2.417,0.7791,1592,735,1670,924,-4.4685,0.2055,11.0919,0.4736,1.0133,0.2209
59,2.459,0.7992,1593,736,1670,924,-4.4607,0.2051,11.0727,0.4727,1.0114,0.2205
60,2.501,0.7763,226,684,345,922,-6.4814,0.3261,15.9929,0.6843,1.4681,0.3038
61,2.542,0.776,226,684,345,922,-6.4846,0.3263,16.0007,0.6846,1.4688,0.304
62,2.584,0.775,226,684,345,922,-6.4745,0.3257,15.9762,0.6835,1.4665,0.3035
63,2.626,0.7717,226,684,345,922,-6.4882,0.3265,16.0095,0.685,1.4697,0.3042
64,2.667,0.7697,226,684,345,922,-6.494,0.3269,16.0236,0.6856,1.471,0.3044
65,2.709,0.771,226,684,345,922,-6.4871,0.3265,16.0068,0.6849,1.4694,0.3041
66,2.751,0.7749,226,685,345,922,-6.4884,0.3266,16.0101,0.685,1.4697,0.3042
67,2.792,0.7827,1603,737,1674,925,-4.3906,0.201,10.9015,0.465,0.9949,0.2168
68,2.834,0.788,1604,737,1675,924,-4.3743,0.2,10.8614,0.4632,0.991,0.216
69,2.876,0.7702,226,684,345,922,-6.5091,0.3278,16.0607,0.6872,1.4745,0.3052
70,2.917,0.7722,227,684,345,922,-6.557,0.3306,16.1775,0.6924,1.4856,0.3074
71,2.959,0.7734,227,684,346,922,-6.5629,0.3309,16.1919,0.693,1.487,0.3077
72,3.001,0.769,226,683,346,922,-6.5046,0.3275,16.0496,0.6867,1.4735,0.305
73,3.042,0.769,226,683,346,922,-6.5065,0.3276,16.0541,0.6869,1.4739,0.305
74,3.084,0.7668,227,684,346,922,-6.5577,0.3306,16.1793,0.6925,1.4858,0.3075
75,3.126,0.7697,227,685,345,923,-6.5424,0.3297,16.1418,0.6908,1.4822,0.3068
76,3.167,0.7695,227,685,345,923,-6.5422,0.3297,16.1414,0.6908,1.4822,0.3068
77,3.209,0.7667,227,685,345,923,-6.5479,0.3301,16.1553,0.6914,1.4835,0.307
78,3.251,0.7672,227,685,345,922,-6.552,0.3303,16.1653,0.6919,1.4844,0.3072
79,3.292,0.7644,227,685,345,922,-6.5519,0.3303,16.1652,0.6918,1.4844,0.3072
80,3.334,0.7654,227,684,345,922,-6.5585,0.3307,16.1812,0.6925,1.4859,0.3075
81,3.376,0.7652,227,684,345,922,-6.5574,0.3306,16.1784,0.6924,1.4857,0.3075
82,3.417,0.7653,227,685,345,922,-6.549,0.3301,16.1579,0.6915,1.4837,0.3071
83,3.459,0.7682,227,685,345,922,-6.5515,0.3303,16.1641,0.6918,1.4843,0.3072
84,3.501,0.7699,227,685,345,922,-6.5504,0.3302,16.1614,0.6917,1.4841,0.3071
85,3.542,0.7712,227,685,345,922,-6.5507,0.3302,16.1621,0.6917,1.4841,0.3071
86,3.584,0.772,227,685,345,922,-6.55,0.3302,16.1604,0.6916,1.484,0.3071
87,3.626,0.77,227,685,345,923,-6.5354,0.3293,16.1247,0.6901,1.4806,0.3064
88,3.668,0.7682,227,685,345,922,-6.5464,0.33,16.1516,0.6913,1.4831,0.3069
89,3.709,0.7685,227,685,345,922,-6.5474,0.33,16.154,0.6914,1.4834,0.307
90,3.751,0.7682,227,685,345,922,-6.5443,0.3298,16.1464,0.691,1.4826,0.3068
91,3.793,0.7677,227,685,345,922,-6.5508,0.3302,16.1624,0.6917,1.4842,0.3071
92,3.834,0.7649,227,685,345,922,-6.5498,0.3302,16.16,0.6916,1.4839,0.3071
93,3.876,0.7659,227,685,345,922,-6.5512,0.3302,16.1633,0.6918,1.4842,0.3072
94,3.918,0.7674,227,685,345,922,-6.5493,0.3301,16.1587,0.6916,1.4838,0.3071
95,3.959,0.7675,227,685,346,922,-6.5506,0.3302,16.1619,0.6917,1.4841,0.3072
96,4.001,0.7661,227,685,346,922,-6.5479,0.3301,16.1554,0.6914,1.4835,0.307
97,4.043,0.7668,227,685,346,922,-6.56,0.3308,16.1847,0.6927,1.4863,0.3076
98,4.084,0.767,228,685,345,922,-6.5984,0.333,16.2786,0.6968,1.4952,0.3094
99,4.126,0.7667,228,685,345,922,-6.5984,0.333,16.2786,0.6968,1.4952,0.3094
100,4.168,0.7956,225,685,345,923,-6.5211,0.3284,16.0897,0.6885,1.4772,0.3057
101,4.209,0.7946,225,685,345,923,-6.522,0.3285,16.0921,0.6886,1.4775,0.3057
102,4.251,0.7946,225,685,345,923,-6.5174,0.3282,16.0808,0.6881,1.4764,0.3055
103,4.293,0.8002,226,685,346,924,-6.5695,0.3313,16.2081,0.6938,1.4885,0.3081
104,4.334,0.8014,226,685,346,924,-6.5705,0.3314,16.2104,0.6939,1.4887,0.3082
105,4.376,0.8019,226,685,346,924,-6.5713,0.3315,16.2125,0.6939,1.4889,0.3082
106,4.418,0.7948,225,685,346,924,-6.4916,0.3267,16.0176,0.6853,1.4704,0.3043
107,4.459,0.7955,225,685,346,924,-6.5026,0.3274,16.0446,0.6865,1.473,0.3048
108,4.501,0.7956,225,685,346,924,-6.5027,0.3274,16.045,0.6865,1.473,0.3048
109,4.543,0.7979,226,685,346,924,-6.5794,0.3319,16.2322,0.6948,1.4908,0.3086
110,4.584,0.7989,225,684,346,924,-6.5068,0.3276,16.0549,0.6869,1.4739,0.305
111,4.626,0.7959,225,684,346,924,-6.5037,0.3274,16.0473,0.6866,1.4732,0.3049
112,4.668,0.7956,225,684,346,924,-6.5095,0.3278,16.0616,0.6872,1.4746,0.3051
113,4.709,0.7974,225,685,346,924,-6.4942,0.3269,16.0241,0.6856,1.471,0.3044
114,4.751,0.7943,225,684,346,924,-6.4911,0.3267,16.0167,0.6853,1.4703,0.3043
115,4.793,0.7953,225,684,346,924,-6.5074,0.3276,16.0563,0.687,1.4741,0.305
116,4.834,0.7966,225,684,346,924,-6.5102,0.3278,16.0634,0.6873,1.4747,0.3052
117,4.876,0.7968,225,684,346,924,-6.5115,0.3279,16.0663,0.6875,1.475,0.3052
118,4.918,0.7989,225,685,346,924,-6.4909,0.3267,16.016,0.6853,1.4703,0.3043
119,4.959,0.8009,226,685,346,924,-6.5647,0.3311,16.1964,0.6932,1.4874,0.3079
120,5.001,0.7953,225,684,346,923,-6.5303,0.329,16.1125,0.6895,1.4794,0.3061
121,5.043,0.7936,225,684,346,923,-6.528,0.3288,16.1066,0.6892,1.4788,0.306
122,5.084,0.7918,225,684,346,924,-6.5093,0.3277,16.061,0.6872,1.4745,0.3051
123,5.126,0.7963,225,684,346,924,-6.5072,0.3276,16.0558,0.687,1.474,0.305
124,5.168,0.7948,225,684,346,924,-6.518,0.3283,16.0823,0.6881,1.4765,0.3055
125,5.21,0.7949,225,684,346,924,-6.5157,0.3281,16.0766,0.6879,1.476,0.3054
126,5.251,0.7924,225,684,346,924,-6.5139,0.328,16.0724,0.6877,1.4756,0.3053
127,5.293,0.7939,225,684,346,924,-6.5052,0.3275,16.0509,0.6868,1.4736,0.3049
128,5.335,0.7928,225,684,346,924,-6.5006,0.3272,16.0397,0.6863,1.4725,0.3047
129,5.376,0.7883,225,684,346,924,-6.5109,0.3278,16.065,0.6874,1.4749,0.3052
130,5.418,0.7886,225,684,346,924,-6.5082,0.3277,16.0583,0.6871,1.4743,0.3051
131,5.46,0.793,225,684,346,924,-6.4995,0.3272,16.0371,0.6862,1.4723,0.3046
132,5.501,0.7913,225,684,346,924,-6.4992,0.3272,16.0363,0.6861,1.4722,0.3046
133,5.543,0.79,225,684,346,924,-6.4989,0.3271,16.0358,0.6861,1.4721,0.3046
134,5.585,0.7873,225,684,346,924,-6.5063,0.3276,16.0538,0.6869,1.4738,0.305
135,5.626,0.7908,225,684,345,924,-6.5224,0.3285,16.0931,0.6886,1.4775,0.3057
136,5.668,0.792,226,684,346,924,-6.5767,0.3317,16.2257,0.6945,1.4902,0.3084
137,5.71,0.7909,226,684,346,924,-6.587,0.3324,16.2507,0.6956,1.4926,0.3089
138,5.751,0.7897,225,684,346,924,-6.5125,0.3279,16.0688,0.6875,1.4753,0.3053
139,5.793,0.7929,226,684,346,924,-6.5829,0.3321,16.2408,0.6952,1.4916,0.3087
140,5.835,0.7911,226,684,346,924,-6.5806,0.332,16.2351,0.6949,1.4911,0.3086
141,5.876,0.7911,225,684,345,923,-6.5455,0.3298,16.1495,0.6911,1.4829,0.3068
142,5.918,0.7862,225,684,345,924,-6.5293,0.3289,16.1099,0.6893,1.4791,0.306
143,5.96,0.7869,225,685,346,924,-6.4944,0.3269,16.0246,0.6856,1.4711,0.3044
144,6.001,0.7848,225,684,346,924,-6.5008,0.3272,16.0402,0.6863,1.4726,0.3047
145,6.043,0.7896,225,684,346,924,-6.5217,0.3285,16.0912,0.6885,1.4774,0.3057
146,6.085,0.7877,225,684,346,924,-6.5212,0.3284,16.0901,0.6885,1.4773,0.3057
147,6.126,0.7892,225,685,346,924,-6.5097,0.3278,16.0621,0.6873,1.4746,0.3052
148,6.168,0.7865,225,685,346,924,-6.5036,0.3274,16.0471,0.6866,1.4732,0.3049
149,6.21,0.787,225,685,346,924,-6.5172,0.3282,16.0804,0.6881,1.4764,0.3055
150,6.251,0.7839,225,685,346,924,-6.5161,0.3282,16.0777,0.688,1.4761,0.3055
151,6.293,0.7902,225,685,346,924,-6.5142,0.3281,16.0731,0.6878,1.4757,0.3054
152,6.335,0.7896,225,684,346,924,-6.5221,0.3285,16.0924,0.6886,1.4775,0.3057
153,6.376,0.7914,225,684,346,924,-6.5331,0.3291,16.1193,0.6898,1.48,0.3063
154,6.418,0.7853,225,684,346,924,-6.5466,0.3299,16.1521,0.6912,1.4832,0.3069
155,6.46,0.789,225,685,346,924,-6.5373,0.3294,16.1295,0.6902,1.481,0.3065
156,6.501,0.7814,225,685,346,924,-6.5225,0.3285,16.0932,0.6886,1.4776,0.3058
157,6.543,0.7789,225,685,346,924,-6.5246,0.3287,16.0985,0.6889,1.4781,0.3059
158,6.585,0.7788,225,685,346,924,-6.5292,0.3289,16.1097,0.6894,1.4791,0.3061
159,6.627,0.7798,225,685,346,924,-6.5294,0.3289,16.1101,0.6894,1.4792,0.3061
160,6.668,0.7775,225,685,346,924,-6.5237,0.3286,16.0963,0.6888,1.4779,0.3058
161,6.71,0.7785,225,686,346,924,-6.5177,0.3283,16.0816,0.6882,1.4765,0.3055
162,6.752,0.7778,225,685,346,924,-6.5278,0.3289,16.1061,0.6892,1.4788,0.306
163,6.793,0.777,225,685,346,924,-6.5304,0.329,16.1125,0.6895,1.4794,0.3061
164,6.835,0.7765,224,685,346,923,-6.4618,0.3249,15.945,0.6821,1.4634,0.3027
165,6.877,0.7786,225,685,346,924,-6.53,0.329,16.1117,0.6895,1.4793,0.3061
166,6.918,0.7786,225,685,346,924,-6.53,0.329,16.1115,0.6894,1.4793,0.3061
167,6.96,0.7778,225,686,346,924,-6.5192,0.3284,16.0853,0.6883,1.4768,0.3056
168,7.002,0.7738,224,686,346,924,-6.4378,0.3235,15.8862,0.6795,1.4579,0.3016
169,7.043,0.7738,224,685,346,924,-6.4474,0.3241,15.9098,0.6805,1.4601,0.302
170,7.085,0.7733,224,685,346,924,-6.4471,0.324,15.9091,0.6805,1.4601,0.302
171,7.127,0.7732,224,685,346,924,-6.4473,0.324,15.9096,0.6805,1.4601,0.302
172,7.168,0.7715,224,685,346,924,-6.4468,0.324,15.9084,0.6805,1.46,0.302
173,7.21,0.7739,224,685,346,924,-6.4506,0.3242,15.9175,0.6809,1.4609,0.3022
174,7.252,0.773,224,685,346,924,-6.4508,0.3243,15.9182,0.6809,1.4609,0.3022
175,7.293,0.7727,224,685,346,924,-6.4547,0.3245,15.9276,0.6813,1.4618,0.3024
176,7.335,0.7736,224,685,346,923,-6.4683,0.3253,15.9608,0.6827,1.4649,0.303
177,7.377,0.7735,224,685,346,924,-6.4538,0.3244,15.9255,0.6812,1.4616,0.3024
178,7.418,0.7709,224,685,346,924,-6.4588,0.3247,15.9376,0.6817,1.4627,0.3026
179,7.46,0.772,224,685,346,924,-6.4585,0.3247,15.937,0.6817,1.4627,0.3026
180,7.502,0.7726,224,686,346,924,-6.4395,0.3236,15.8905,0.6797,1.4583,0.3017
181,7.543,0.7766,224,685,346,924,-6.454,0.3244,15.9259,0.6812,1.4616,0.3024
182,7.585,0.7768,224,685,346,924,-6.4537,0.3244,15.9253,0.6812,1.4616,0.3023
183,7.627,0.7717,224,686,346,924,-6.445,0.3239,15.904,0.6803,1.4596,0.3019
184,7.668,0.7747,224,686,346,924,-6.4433,0.3238,15.8998,0.6801,1.4592,0.3019
185,7.71,0.7781,224,686,346,924,-6.4446,0.3239,15.9029,0.6803,1.4595,0.3019
186,7.752,0.7783,224,686,346,924,-6.4456,0.324,15.9054,0.6804,1.4597,0.302
187,7.793,0.7789,224,685,346,924,-6.459,0.3247,15.9381,0.6818,1.4628,0.3026
188,7.835,0.7777,224,685,345,924,-6.4794,0.3259,15.988,0.6839,1.4675,0.3035
189,7.877,0.7796,224,685,346,924,-6.4613,0.3249,15.9438,0.682,1.4633,0.3027
190,7.918,0.7797,225,685,346,924,-6.5432,0.3298,16.1437,0.6909,1.4824,0.3068
191,7.96,0.7866,225,686,346,924,-6.5369,0.3294,16.1283,0.6902,1.4809,0.3065
192,8.002,0.7871,224,686,346,924,-6.4493,0.3242,15.9143,0.6808,1.4606,0.3022
193,8.043,0.7922,224,686,346,924,-6.4577,0.3247,15.935,0.6817,1.4625,0.3026
194,8.085,0.7924,224,686,346,924,-6.4533,0.3244,15.9243,0.6812,1.4615,0.3023
195,8.127,0.7918,225,685,346,924,-6.5366,0.3294,16.1278,0.6902,1.4809,0.3064
196,8.169,0.7886,224,685,345,924,-6.4719,0.3255,15.9695,0.6831,1.4658,0.3032
197,8.21,0.7745,228,679,347,921,-7.0447,0.3589,17.3689,0.7444,1.5982,0.3307
198,8.252,0.7743,228,679,347,921,-7.0447,0.3589,17.3689,0.7444,1.5982,0.3307
199,8.294,0.7756,228,680,347,921,-6.993,0.3559,17.2425,0.7389,1.5863,0.3282
200,8.335,0.7751,228,679,347,921,-7.0444,0.3589,17.3683,0.7444,1.5982,0.3307
201,8.377,0.7764,229,680,347,921,-7.0301,0.3581,17.3333,0.7429,1.5949,0.33
202,8.419,0.7776,229,680,347,921,-7.0298,0.358,17.3325,0.7428,1.5948,0.33
203,8.46,0.7843,229,680,347,921,-7.0333,0.3582,17.341,0.7432,1.5956,0.3302
204,8.502,0.7883,229,679,347,921,-7.0826,0.3611,17.4615,0.7485,1.607,0.3325
205,8.544,0.789,229,680,347,921,-7.0355,0.3584,17.3464,0.7434,1.5961,0.3303
206,8.585,0.7866,229,680,348,921,-7.0079,0.3568,17.2791,0.7405,1.5899,0.329
207,8.627,0.7846,229,680,347,921,-7.0197,0.3575,17.3078,0.7418,1.5925,0.3295
208,8.669,0.7839,229,680,348,921,-7.0031,0.3565,17.2673,0.74,1.5887,0.3287
209,8.71,0.7849,229,680,347,921,-7.0564,0.3596,17.3976,0.7457,1.6009,0.3313
210,8.752,0.7843,229,680,347,921,-7.0551,0.3595,17.3943,0.7455,1.6006,0.3312
211,8.794,0.782,229,680,347,921,-7.0438,0.3589,17.3666,0.7443,1.598,0.3307
212,8.835,0.7823,229,679,347,921,-7.086,0.3613,17.4699,0.7488,1.6077,0.3327
213,8.877,0.7915,229,680,347,921,-7.0756,0.3607,17.4443,0.7477,1.6053,0.3322
214,8.919,0.7902,229,680,347,920,-7.089,0.3614,17.4772,0.7491,1.6084,0.3328
215,8.96,0.7853,228,679,347,920,-7.076,0.3607,17.4455,0.7478,1.6054,0.3322
216,9.002,0.7886,228,680,347,920,-6.9918,0.3558,17.2397,0.7388,1.586,0.3282
217,9.044,0.7918,229,680,347,921,-7.0859,0.3613,17.4696,0.7488,1.6077,0.3327
218,9.085,0.7867,229,680,347,921,-7.0911,0.3616,17.4821,0.7494,1.6089,0.3329
219,9.127,0.7724,229,679,347,920,-7.1533,0.3651,17.6342,0.756,1.6232,0.3359
220,9.169,0.7677,228,679,347,920,-7.1042,0.3623,17.5143,0.7507,1.6119,0.3335
221,9.21,0.7747,229,679,347,920,-7.1774,0.3665,17.693,0.7585,1.6287,0.337
222,9.252,0.7787,229,679,347,920,-7.2036,0.368,17.757,0.7613,1.6347,0.3383
223,9.294,0.7749,229,679,347,920,-7.2037,0.368,17.7573,0.7613,1.6347,0.3383
224,9.335,0.7744,228,679,346,920,-7.1466,0.3647,17.6179,0.7552,1.6216,0.3356
225,9.377,0.7756,228,678,346,920,-7.2102,0.3684,17.7732,0.762,1.6362,0.3386
226,9.419,0.7727,228,679,346,920,-7.1938,0.3674,17.733,0.7603,1.6324,0.3378
227,9.46,0.7726,228,679,346,920,-7.1943,0.3675,17.7343,0.7603,1.6325,0.3378
228,9.502,0.7724,228,679,346,920,-7.1924,0.3674,17.7297,0.7601,1.6321,0.3377
229,9.544,0.8136,1869,695,1988,919,-4.8953,0.2306,12.1351,0.5207,1.1139,0.2435
230,9.586,0.7662,228,679,346,919,-7.2155,0.3687,17.7862,0.7626,1.6374,0.3389
231,9.627,0.768,228,679,346,919,-7.2151,0.3686,17.785,0.7625,1.6373,0.3388
232,9.669,0.7678,228,679,346,919,-7.2132,0.3685,17.7806,0.7623,1.6369,0.3387
233,9.711,0.774,229,679,346,920,-7.2435,0.3703,17.8545,0.7656,1.6438,0.3402
234,9.752,0.7721,229,679,346,920,-7.2432,0.3703,17.8537,0.7655,1.6438,0.3402
235,9.794,0.7642,229,679,346,920,-7.2413,0.3702,17.8492,0.7653,1.6433,0.3401
236,9.836,0.7658,229,679,346,920,-7.2341,0.3698,17.8315,0.7646,1.6417,0.3397
237,9.877,0.7623,228,679,346,920,-7.1945,0.3675,17.7347,0.7604,1.6326,0.3378
238,9.919,0.7603,228,679,347,920,-7.1737,0.3663,17.6839,0.7581,1.6278,0.3369
239,9.961,0.7591,228,679,347,920,-7.1736,0.3663,17.6839,0.7581,1.6278,0.3369
240,10.002,0.7605,228,679,347,920,-7.1698,0.3661,17.6746,0.7577,1.627,0.3367
241,10.044,0.7609,228,679,346,920,-7.1981,0.3677,17.7436,0.7607,1.6334,0.338
242,10.086,0.7608,228,679,346,920,-7.192,0.3673,17.7286,0.7601,1.632,0.3377
243,10.127,0.7609,228,679,346,920,-7.1931,0.3674,17.7314,0.7602,1.6323,0.3378
244,10.169,0.7627,228,679,346,920,-7.1893,0.3672,17.7221,0.7598,1.6314,0.3376
245,10.211,0.7626,228,679,347,921,-7.1584,0.3654,17.6466,0.7565,1.6243,0.3361
246,10.252,0.7641,228,679,347,921,-7.1541,0.3652,17.6361,0.7561,1.6233,0.3359
247,10.294,0.7637,228,679,347,921,-7.1579,0.3654,17.6455,0.7565,1.6242,0.3361
248,10.336,0.7619,228,679,347,920,-7.1758,0.3664,17.6893,0.7584,1.6283,0.337
249,10.377,0.7615,228,679,347,921,-7.16,0.3655,17.6506,0.7567,1.6247,0.3362
250,10.419,0.7581,228,679,347,920,-7.1783,0.3666,17.6953,0.7586,1.6289,0.3371
251,10.461,0.7594,228,679,347,920,-7.1788,0.3666,17.6965,0.7587,1.629,0.3371
252,10.502,0.7624,228,679,347,921,-7.158,0.3654,17.6456,0.7565,1.6242,0.3361
253,10.544,0.7644,228,679,347,921,-7.1602,0.3655,17.651,0.7567,1.6247,0.3362
254,10.586,0.7645,228,679,347,921,-7.1644,0.3658,17.6614,0.7572,1.6257,0.3364
255,10.627,0.7645,229,679,347,921,-7.2003,0.3679,17.7491,0.761,1.634,0.3382
256,10.669,0.765,229,679,348,921,-7.1697,0.3661,17.6742,0.7577,1.627,0.3367
257,10.711,0.7675,229,679,347,921,-7.2003,0.3679,17.749,0.761,1.634,0.3382
258,10.752,0.7652,228,679,347,921,-7.1716,0.3662,17.679,0.7579,1.6274,0.3368
259,10.794,0.7648,229,679,347,921,-7.2217,0.3691,17.8012,0.7633,1.6389,0.3392
260,10.836,0.7666,229,679,347,921,-7.2224,0.3691,17.8031,0.7634,1.6391,0.3392
261,10.877,0.7612,229,681,347,921,-7.1172,0.3631,17.546,0.7521,1.6149,0.3342
262,10.919,0.76,229,681,347,921,-7.1126,0.3628,17.5349,0.7517,1.6138,0.334
263,10.961,0.7624,229,680,347,921,-7.1885,0.3672,17.7202,0.7597,1.6313,0.3376
264,11.003,0.757,229,681,347,921,-7.1104,0.3627,17.5294,0.7514,1.6133,0.3339
265,11.044,0.76,229,680,347,921,-7.1982,0.3678,17.7439,0.7608,1.6335,0.3381
266,11.086,0.7603,229,681,347,921,-7.123,0.3634,17.5602,0.7528,1.6162,0.3345
267,11.128,0.7605,229,681,347,921,-7.1253,0.3636,17.5659,0.753,1.6168,0.3346
268,11.169,0.7559,229,681,346,921,-7.1486,0.3649,17.6227,0.7555,1.6221,0.3357
269,11.211,0.7587,230,681,347,921,-7.1491,0.3649,17.6239,0.7555,1.6222,0.3357
270,11.253,0.758,229,681,347,921,-7.1248,0.3635,17.5646,0.753,1.6166,0.3345
271,11.294,0.7611,2011,728,2069,896,-4.8307,0.227,11.9773,0.5134,1.0985,0.2397
272,11.336,0.7951,2012,730,2073,899,-4.8616,0.2288,12.0528,0.5168,1.1058,0.2414
273,11.378,0.8563,2014,731,2075,900,-4.8731,0.2294,12.0808,0.5181,1.1085,0.242
274,11.419,0.8222,2011,730,2078,901,-4.8695,0.2292,12.072,0.5177,1.1077,0.2418
275,11.461,0.8755,2010,731,2079,903,-4.8777,0.2297,12.0921,0.5186,1.1096,0.2422
276,11.503,0.8284,2010,725,2080,905,-4.8548,0.2284,12.0361,0.5161,1.1042,0.2411
277,11.544,0.806,2013,731,2081,902,-4.8798,0.2298,12.0971,0.5189,1.1101,0.2424
278,11.586,0.7501,2011,726,2082,903,-4.8541,0.2283,12.0345,0.516,1.1041,0.241
279,11.628,0.7355,2010,727,2083,905,-4.8603,0.2287,12.0496,0.5167,1.1055,0.2413
280,11.669,0.731,231,672,345,927,-7.664,0.3947,18.8817,0.8104,1.7406,0.3604
281,11.711,0.7329,230,673,345,928,-7.5902,0.3905,18.7014,0.8026,1.7237,0.3569
282,11.753,0.7311,230,673,346,928,-7.5631,0.3889,18.6353,0.7998,1.7175,0.3556
283,11.794,0.7329,231,672,346,928,-7.6568,0.3943,18.8642,0.8097,1.739,0.3601
284,11.836,0.7296,231,672,346,928,-7.658,0.3944,18.867,0.8098,1.7393,0.3601
285,11.878,0.7309,231,672,346,928,-7.6475,0.3938,18.8416,0.8087,1.7369,0.3596
286,11.919,0.7313,231,673,346,928,-7.6283,0.3926,18.7946,0.8067,1.7325,0.3587
287,11.961,0.728,229,681,347,921,-7.196,0.3676,17.7385,0.7605,1.633,0.338
288,12.003,0.7291,229,681,347,921,-7.1962,0.3677,17.739,0.7606,1.633,0.338
289,12.044,0.7332,229,681,347,921,-7.1972,0.3677,17.7414,0.7607,1.6333,0.338
290,12.086,0.7305,230,673,347,928,-7.5651,0.3891,18.6403,0.8,1.718,0.3557
291,12.128,0.7302,230,673,347,928,-7.5651,0.3891,18.6402,0.8,1.718,0.3557
292,12.169,0.7317,230,673,346,928,-7.5964,0.3908,18.7166,0.8033,1.7252,0.3572
293,12.211,0.7307,228,681,347,921,-7.1628,0.3657,17.6575,0.757,1.6254,0.3364
294,12.253,0.7686,227,679,348,925,-7.3154,0.3747,18.03,0.7734,1.6608,0.3438
295,12.294,0.7682,227,680,348,925,-7.2011,0.3681,17.7509,0.7613,1.6345,0.3383
296,12.336,0.7669,226,679,348,925,-7.2516,0.371,17.8742,0.7666,1.6461,0.3407
297,12.378,0.8024,2015,719,2112,900,-4.8286,0.2269,11.972,0.5131,1.098,0.2396
298,12.419,0.7772,2021,721,2113,898,-4.8255,0.2267,11.9644,0.5128,1.0973,0.2395
299,12.461,0.7904,2021,721,2114,897,-4.8213,0.2265,11.9542,0.5123,1.0963,0.2392
300,12.503,0.7717,2010,715,2114,895,-4.8304,0.227,11.9765,0.5133,1.0984,0.2397
301,12.545,0.7666,226,680,348,924,-7.1828,0.367,17.7062,0.7593,1.6302,0.3374
302,12.586,0.7646,226,680,348,925,-7.1407,0.3646,17.6035,0.7548,1.6206,0.3354
303,12.628,0.7656,227,680,348,925,-7.1995,0.368,17.7471,0.7611,1.6341,0.3382
304,12.67,0.7654,226,680,348,924,-7.1785,0.3668,17.6958,0.7588,1.6292,0.3372
305,12.711,0.7655,226,680,348,924,-7.1791,0.3668,17.6973,0.7589,1.6294,0.3372
306,12.753,0.765,226,680,348,924,-7.1757,0.3666,17.6888,0.7585,1.6286,0.3371
307,12.795,0.7656,226,680,348,924,-7.1812,0.3669,17.7024,0.7591,1.6298,0.3373
308,12.836,0.7648,226,680,348,924,-7.1804,0.3669,17.7005,0.759,1.6297,0.3373
309,12.878,0.7619,226,680,348,924,-7.1846,0.3671,17.7105,0.7595,1.6306,0.3375
310,12.92,0.7596,226,680,348,924,-7.1849,0.3672,17.7115,0.7595,1.6307,0.3375
311,12.961,0.7639,226,680,348,924,-7.1956,0.3678,17.7375,0.7606,1.6332,0.338
312,13.003,0.7625,227,680,348,924,-7.2465,0.3707,17.8619,0.7661,1.6449,0.3405
313,13.045,0.7649,227,680,348,924,-7.2473,0.3708,17.8639,0.7662,1.6451,0.3405
314,13.086,0.767,227,681,348,925,-7.1867,0.3673,17.7157,0.7598,1.6312,0.3376
315,13.128,0.7684,227,681,348,925,-7.1884,0.3674,17.7198,0.7599,1.6316,0.3377
316,13.17,0.7648,227,681,348,925,-7.1908,0.3675,17.7258,0.7602,1.6321,0.3378
317,13.211,0.7687,227,681,348,925,-7.1986,0.368,17.7447,0.761,1.6339,0.3382
318,13.253,0.7658,227,681,348,925,-7.1985,0.368,17.7446,0.761,1.6339,0.3382
319,13.295,0.7667,227,682,348,925,-7.1705,0.3664,17.6762,0.758,1.6275,0.3368
320,13.336,0.7716,227,682,348,924,-7.1868,0.3673,17.716,0.7597,1.6312,0.3376
321,13.378,0.7923,2071,727,2138,893,-4.853,0.2283,12.0318,0.5159,1.1038,0.241
322,13.42,0.8126,2056,723,2140,893,-4.8487,0.228,12.0213,0.5154,1.1028,0.2408
323,13.461,0.7911,2054,721,2142,892,-4.8481,0.2279,12.0199,0.5154,1.1027,0.2408
324,13.503,0.7701,227,682,348,925,-7.1858,0.3673,17.7136,0.7597,1.631,0.3376
325,13.545,0.7704,227,682,348,925,-7.186,0.3673,17.7141,0.7597,1.631,0.3376
326,13.586,0.8441,2053,717,2147,891,-4.8559,0.2284,12.0388,0.5162,1.1045,0.2412
327,13.628,0.7745,227,682,348,925,-7.1965,0.3679,17.7396,0.7608,1.6334,0.3381
328,13.67,0.7727,227,682,348,925,-7.1948,0.3678,17.7354,0.7606,1.633,0.338
329,13.711,0.7749,227,681,348,924,-7.2584,0.3714,17.891,0.7674,1.6476,0.3411
330,13.753,0.7704,227,682,348,924,-7.2022,0.3682,17.7535,0.7614,1.6347,0.3384
331,13.795,0.77,227,682,348,924,-7.209,0.3686,17.7703,0.7621,1.6363,0.3387
332,13.836,0.7676,227,682,348,925,-7.1945,0.3678,17.7348,0.7606,1.633,0.338
333,13.878,0.7711,227,682,348,925,-7.1967,0.3679,17.7401,0.7608,1.6335,0.3381
334,13.92,0.7646,227,682,347,925,-7.2199,0.3692,17.7969,0.7633,1.6388,0.3392
335,13.962,0.768,227,681,348,924,-7.2621,0.3716,17.8999,0.7678,1.6485,0.3412
336,14.003,0.7688,227,681,348,924,-7.2483,0.3708,17.8662,0.7663,1.6453,0.3406
337,14.045,0.7661,227,682,348,925,-7.1877,0.3674,17.7182,0.7599,1.6314,0.3377
338,14.087,0.7611,227,682,348,925,-7.187,0.3673,17.7165,0.7598,1.6313,0.3376
339,14.128,0.7636,226,682,347,924,-7.1696,0.3663,17.6739,0.7579,1.6271,0.3368
340,14.17,0.7683,2049,712,2155,893,-4.801,0.2252,11.9047,0.5101,1.0916,0.2383
341,14.212,0.7608,226,682,348,924,-7.1393,0.3646,17.5999,0.7547,1.6202,0.3353
342,14.253,0.7565,226,682,347,925,-7.128,0.3639,17.5724,0.7535,1.6176,0.3348
343,14.295,0.7553,226,682,347,925,-7.1438,0.3648,17.6108,0.7551,1.6212,0.3355
344,14.337,0.7541,226,682,347,925,-7.1457,0.3649,17.6157,0.7554,1.6217,0.3356
345,14.378,0.7532,226,682,347,924,-7.1599,0.3657,17.6503,0.7568,1.6249,0.3363
346,14.42,0.7552,226,682,348,924,-7.1322,0.3641,17.5827,0.7539,1.6186,0.335
347,14.462,0.7545,226,681,348,924,-7.185,0.3672,17.7116,0.7595,1.6307,0.3375
348,14.503,0.7544,226,682,348,924,-7.1419,0.3647,17.6063,0.7549,1.6208,0.3355
349,14.545,0.7542,226,682,348,924,-7.1416,0.3647,17.6057,0.7549,1.6207,0.3354
350,14.587,0.7553,226,682,348,924,-7.1415,0.3647,17.6053,0.7549,1.6207,0.3354
351,14.628,0.7528,226,682,348,924,-7.1424,0.3647,17.6076,0.755,1.6209,0.3355
352,14.67,0.7513,226,682,348,924,-7.1424,0.3647,17.6074,0.755,1.6209,0.3355
353,14.712,0.755,226,682,348,924,-7.1349,0.3643,17.5893,0.7542,1.6192,0.3351
354,14.753,0.7574,226,682,348,924,-7.1375,0.3644,17.5955,0.7545,1.6198,0.3352
355,14.795,0.7533,226,682,348,924,-7.1319,0.3641,17.5818,0.7539,1.6185,0.335
356,14.837,0.7545,226,682,348,924,-7.1325,0.3642,17.5833,0.7539,1.6186,0.335
357,14.878,0.7528,226,682,348,924,-7.1324,0.3642,17.5832,0.7539,1.6186,0.335
358,14.92,0.7536,226,682,348,924,-7.1281,0.3639,17.5725,0.7535,1.6176,0.3348
359,14.962,0.7483,226,682,348,924,-7.1274,0.3639,17.571,0.7534,1.6175,0.3348
360,15.003,0.7479,226,682,348,924,-7.1345,0.3643,17.5882,0.7541,1.6191,0.3351
361,15.045,0.7943,2099,709,2168,892,-4.8919,0.2305,12.1268,0.5202,1.113,0.2431
362,15.087,0.8189,2093,708,2168,892,-4.8863,0.2301,12.1131,0.5196,1.1117,0.2428
363,15.128,0.7424,226,681,348,924,-7.1696,0.3663,17.6741,0.7579,1.6272,0.3368
364,15.17,0.7452,229,673,349,928,-7.6754,0.3956,18.9097,0.8119,1.7436,0.3611
365,15.212,0.7429,226,682,348,925,-7.1393,0.3646,17.6,0.7547,1.6202,0.3354
366,15.253,0.7422,226,682,348,924,-7.1534,0.3654,17.6345,0.7562,1.6234,0.336
367,15.295,0.7388,226,682,348,924,-7.1541,0.3654,17.6361,0.7562,1.6236,0.3361
368,15.337,0.7407,226,682,348,925,-7.1343,0.3643,17.5877,0.7542,1.6191,0.3351
369,15.379,0.7414,226,682,348,925,-7.1327,0.3642,17.5839,0.754,1.6187,0.335
370,15.42,0.743,226,682,348,925,-7.1335,0.3643,17.5858,0.7541,1.6189,0.3351
371,15.462,0.7401,226,682,348,925,-7.1331,0.3642,17.5849,0.754,1.6188,0.3351
372,15.504,0.7565,2091,705,2174,893,-4.8291,0.2268,11.9732,0.5133,1.0982,0.2398
373,15.545,0.7417,226,681,348,925,-7.1675,0.3662,17.6688,0.7577,1.6267,0.3367
374,15.587,0.7839,2092,707,2176,892,-4.8086,0.2256,11.9233,0.511,1.0934,0.2387
375,15.629,0.7635,2093,707,2176,893,-4.7821,0.224,11.8584,0.5081,1.0871,0.2373
376,15.67,0.7574,2088,706,2175,893,-4.7866,0.2243,11.8692,0.5086,1.0882,0.2375
377,15.712,0.7584,2089,706,2176,893,-4.7871,0.2243,11.8704,0.5087,1.0883,0.2376
378,15.754,0.7556,229,673,348,927,-7.745,0.3995,19.0795,0.8192,1.7595,0.3644
379,15.795,0.7561,2089,704,2177,893,-4.795,0.2248,11.8899,0.5095,1.0902,0.238
380,15.837,0.7485,229,672,348,927,-7.7611,0.4005,19.1191,0.821,1.7632,0.3652
381,15.879,0.8306,2093,707,2177,893,-4.7694,0.2233,11.8271,0.5067,1.0841,0.2366
382,15.92,0.8631,2093,710,2178,893,-4.7649,0.2231,11.8162,0.5062,1.083,0.2364
383,15.962,0.7921,2097,710,2179,893,-4.7737,0.2236,11.8377,0.5072,1.0851,0.2368
384,16.004,0.7489,229,672,348,927,-7.7645,0.4007,19.1272,0.8213,1.764,0.3653
385,16.045,0.7472,226,682,348,924,-7.1467,0.365,17.6181,0.7554,1.6219,0.3357
386,16.087,0.7479,224,682,348,924,-6.9152,0.3512,17.0526,0.7304,1.568,0.3243
387,16.129,0.7489,224,682,348,924,-6.9186,0.3514,17.061,0.7307,1.5688,0.3245
388,16.17,0.7493,224,682,348,924,-6.9105,0.3509,17.0411,0.7299,1.5669,0.3241
389,16.212,0.7489,224,682,348,924,-6.9155,0.3512,17.0534,0.7304,1.5681,0.3243
390,16.254,0.7477,224,682,348,924,-6.9075,0.3507,17.0338,0.7296,1.5662,0.324
391,16.295,0.749,224,682,348,924,-6.9132,0.3511,17.0478,0.7302,1.5676,0.3242
392,16.337,0.7494,224,682,348,924,-6.916,0.3512,17.0545,0.7305,1.5682,0.3244
393,16.379,0.7504,224,683,348,924,-6.8989,0.3503,17.0129,0.7287,1.5643,0.3236
394,16.42,0.7508,224,683,348,924,-6.8936,0.35,17.0,0.7281,1.5631,0.3233
395,16.462,0.7507,224,683,348,924,-6.8939,0.35,17.0007,0.7281,1.5631,0.3233
396,16.504,0.7508,224,683,348,924,-6.8938,0.35,17.0003,0.7281,1.5631,0.3233
397,16.545,0.7508,224,683,348,924,-6.8939,0.35,17.0007,0.7281,1.5631,0.3233
398,16.587,0.7507,224,683,348,924,-6.8936,0.35,16.9999,0.7281,1.5631,0.3233
399,16.629,0.7507,224,683,348,923,-6.908,0.3508,17.0351,0.7296,1.5663,0.324
400,16.67,0.7502,224,683,348,924,-6.8936,0.35,16.9999,0.7281,1.5631,0.3233
401,16.712,0.7498,224,683,347,923,-6.9226,0.3516,17.0707,0.7312,1.5697,0.3247
402,16.754,0.7492,224,683,347,924,-6.9096,0.3509,17.0389,0.7298,1.5667,0.3241
403,16.795,0.7507,224,683,347,924,-6.909,0.3508,17.0375,0.7297,1.5666,0.324
404,16.837,0.7527,224,682,347,924,-6.9218,0.3516,17.0688,0.7311,1.5695,0.3246
405,16.879,0.7547,224,682,347,924,-6.9216,0.3515,17.0683,0.731,1.5695,0.3246
406,16.921,0.7576,224,682,347,924,-6.922,0.3516,17.0694,0.7311,1.5696,0.3246
407,16.962,0.7567,224,682,347,924,-6.9244,0.3517,17.0752,0.7314,1.5701,0.3248
408,17.004,0.7557,224,682,347,924,-6.9245,0.3517,17.0755,0.7314,1.5701,0.3248
409,17.046,0.7545,224,682,347,924,-6.9258,0.3518,17.0786,0.7315,1.5704,0.3248
410,17.087,0.753,224,682,347,924,-6.9248,0.3517,17.0761,0.7314,1.5702,0.3248
411,17.129,0.7548,224,682,347,924,-6.9318,0.3521,17.0932,0.7321,1.5718,0.3251
412,17.171,0.7568,2115,708,2188,884,-4.8659,0.2289,12.0633,0.5174,1.1069,0.2418
413,17.212,0.758,224,682,347,924,-6.9309,0.3521,17.0911,0.732,1.5716,0.3251
414,17.254,0.7598,224,682,348,924,-6.9085,0.3508,17.0362,0.7297,1.5665,0.324
415,17.296,0.7598,224,682,348,924,-6.9199,0.3515,17.0641,0.7309,1.5691,0.3246
416,17.337,0.7897,2119,710,2188,883,-4.8586,0.2285,12.0454,0.5166,1.1052,0.2415
417,17.379,0.7649,2119,711,2187,881,-4.859,0.2285,12.0464,0.5167,1.1053,0.2415
418,17.421,0.7761,2119,710,2188,881,-4.8653,0.2289,12.0619,0.5174,1.1068,0.2418
419,17.462,0.7925,2118,709,2188,881,-4.8708,0.2292,12.0752,0.518,1.1081,0.2421
420,17.504,0.7883,2117,707,2189,880,-4.8748,0.2294,12.0851,0.5184,1.1091,0.2423
421,17.546,0.8172,2119,708,2190,881,-4.8725,0.2293,12.0795,0.5182,1.1085,0.2422
422,17.587,0.814,2121,708,2192,882,-4.8651,0.2289,12.0612,0.5173,1.1068,0.2418
423,17.629,0.8205,2122,707,2192,880,-4.867,0.229,12.066,0.5176,1.1073,0.242
424,17.671,0.7997,2119,706,2191,880,-4.872,0.2293,12.0782,0.5181,1.1084,0.2422
425,17.712,0.7774,2118,706,2191,880,-4.8713,0.2292,12.0767,0.518,1.1083,0.2422
426,17.754,0.7602,2118,706,2191,881,-4.8724,0.2293,12.0792,0.5181,1.1085,0.2422
427,17.796,0.7596,224,682,347,924,-6.9507,0.3532,17.1395,0.7341,1.5761,0.326
428,17.837,0.7654,2120,707,2190,881,-4.856,0.2283,12.0393,0.5163,1.1046,0.2413
429,17.879,0.7614,224,682,347,924,-6.9528,0.3533,17.1445,0.7344,1.5766,0.3261
430,17.921,0.7625,224,682,347,924,-6.9392,0.3526,17.1114,0.7329,1.5735,0.3255
431,17.962,0.7618,224,683,347,924,-6.9585,0.3537,17.1584,0.735,1.5779,0.3264
432,18.004,0.7611,224,682,347,924,-6.9791,0.3549,17.2089,0.7372,1.5827,0.3274
433,18.046,0.762,224,683,347,923,-6.9704,0.3543,17.1875,0.7362,1.5806,0.3269
434,18.087,0.7629,224,683,347,924,-6.9579,0.3537,17.1571,0.7349,1.5778,0.3264
435,18.129,0.7591,224,683,348,924,-6.9625,0.3539,17.1682,0.7354,1.5789,0.3266
436,18.171,0.7563,224,682,347,924,-6.9933,0.3557,17.2435,0.7387,1.5859,0.3281
437,18.212,0.7627,224,682,348,924,-6.9838,0.3551,17.2202,0.7377,1.5837,0.3276
438,18.254,0.7579,224,683,348,924,-6.9653,0.3541,17.1751,0.7357,1.5795,0.3267
439,18.296,0.7863,2120,706,2191,879,-4.8264,0.2266,11.967,0.5131,1.0977,0.2398
440,18.338,0.7859,2121,704,2191,879,-4.8298,0.2268,11.9752,0.5134,1.0985,0.24
441,18.379,0.7705,225,683,347,924,-7.1096,0.3626,17.5277,0.7512,1.6129,0.3337
442,18.421,0.7682,225,683,348,924,-7.0974,0.3619,17.4979,0.7499,1.6102,0.3332
443,18.463,0.792,2123,703,2192,880,-4.8272,0.2266,11.969,0.5131,1.0979,0.2399
444,18.504,0.7541,224,684,347,924,-7.0295,0.3578,17.332,0.7426,1.5943,0.3298
445,18.546,0.7559,224,683,347,924,-7.0558,0.3593,17.3961,0.7453,1.6003,0.331
446,18.588,0.7595,225,683,348,924,-7.118,0.3631,17.5481,0.7521,1.6149,0.3342
447,18.629,0.7615,224,682,348,924,-7.0431,0.3586,17.3653,0.744,1.5974,0.3305
448,18.671,0.7622,224,682,347,924,-7.0626,0.3597,17.4129,0.7461,1.6019,0.3314
449,18.713,0.7592,224,682,347,924,-7.0754,0.3604,17.4442,0.7474,1.6048,0.332
450,18.754,0.7589,224,682,347,924,-7.0525,0.3591,17.388,0.745,1.5995,0.3309
451,18.796,0.7651,224,682,347,924,-7.048,0.3588,17.377,0.7445,1.5985,0.3307
452,18.838,0.764,224,682,347,924,-7.0424,0.3585,17.3634,0.7439,1.5972,0.3304
453,18.879,0.7664,224,683,347,924,-7.0274,0.3577,17.3269,0.7423,1.5938,0.3297
454,18.921,0.7624,224,683,347,924,-7.0255,0.3575,17.3221,0.7421,1.5933,0.3296
455,18.963,0.7607,224,683,347,924,-7.027,0.3576,17.3258,0.7423,1.5937,0.3297
456,19.004,0.7574,224,684,347,924,-7.0205,0.3573,17.3098,0.7416,1.5922,0.3294
457,19.046,0.7572,224,684,347,925,-7.0059,0.3565,17.2743,0.7401,1.5889,0.3287
458,19.088,0.7553,224,684,347,925,-6.9995,0.3561,17.2587,0.7394,1.5875,0.3284
459,19.129,0.7575,224,684,347,925,-7.0001,0.3561,17.26,0.7395,1.5876,0.3284
460,19.171,0.7585,224,684,347,925,-6.999,0.3561,17.2574,0.7394,1.5873,0.3284
461,19.213,0.7584,224,684,347,925,-6.9932,0.3558,17.2433,0.7388,1.586,0.3281
462,19.254,0.7556,224,684,347,925,-6.9885,0.3555,17.2317,0.7383,1.5849,0.3278
463,19.296,0.7581,224,684,347,925,-6.9902,0.3556,17.2358,0.7384,1.5853,0.3279
464,19.338,0.757,224,683,347,925,-7.0074,0.3565,17.2779,0.7402,1.5892,0.3287
465,19.379,0.7577,224,683,347,925,-7.0048,0.3564,17.2716,0.7399,1.5886,0.3286
466,19.421,0.7554,224,683,347,925,-7.0028,0.3563,17.2666,0.7397,1.5882,0.3285
467,19.463,0.7548,224,683,347,925,-7.0099,0.3567,17.284,0.7405,1.5898,0.3289
468,19.504,0.7525,224,683,347,925,-7.0168,0.3571,17.3008,0.7412,1.5914,0.3292
469,19.546,0.7523,224,683,347,925,-7.0179,0.3571,17.3035,0.7413,1.5916,0.3292
470,19.588,0.7541,224,683,348,925,-6.9901,0.3556,17.2357,0.7384,1.5853,0.3279
471,19.629,0.7559,224,683,347,925,-7.0167,0.3571,17.3005,0.7412,1.5913,0.3292
472,19.671,0.7565,225,683,347,925,-7.1192,0.3632,17.5509,0.7523,1.6152,0.3342
473,19.713,0.7572,225,682,347,925,-7.1446,0.3646,17.613,0.7549,1.621,0.3354
474,19.754,0.7574,225,682,347,925,-7.1308,0.3638,17.5794,0.7535,1.6178,0.3348
475,19.796,0.7535,224,683,347,925,-7.0218,0.3573,17.3131,0.7418,1.5925,0.3294
476,19.838,0.7535,224,683,347,925,-7.0215,0.3573,17.3124,0.7417,1.5925,0.3294
477,19.88,0.7501,224,683,347,925,-7.0322,0.358,17.3386,0.7429,1.5949,0.3299
478,19.921,0.75,224,683,347,925,-7.0305,0.3579,17.3343,0.7427,1.5945,0.3298
479,19.963,0.7418,225,683,347,925,-7.1393,0.3643,17.6001,0.7544,1.6198,0.3352
480,20.005,0.7433,225,683,347,925,-7.1289,0.3637,17.5748,0.7533,1.6174,0.3347
481,20.046,0.7411,225,683,347,924,-7.1591,0.3655,17.6486,0.7565,1.6243,0.3361
482,20.088,0.7342,227,683,348,925,-7.2138,0.3688,17.7819,0.7625,1.6372,0.3389
483,20.13,0.7357,227,683,348,925,-7.2138,0.3688,17.7821,0.7626,1.6372,0.3389
484,20.171,0.7358,227,683,348,925,-7.2138,0.3688,17.782,0.7625,1.6372,0.3389
485,20.213,0.7359,227,683,348,925,-7.2139,0.3688,17.7821,0.7626,1.6373,0.3389
486,20.255,0.7354,227,683,348,925,-7.2139,0.3688,17.7821,0.7626,1.6373,0.3389
487,20.296,0.7337,226,683,348,925,-7.1677,0.3661,17.6693,0.7576,1.6266,0.3367
488,20.338,0.7352,226,683,348,925,-7.1607,0.3657,17.6522,0.7569,1.625,0.3363
489,20.38,0.7353,226,683,348,925,-7.1607,0.3657,17.6522,0.7569,1.625,0.3363
490,20.421,0.7351,226,683,348,925,-7.1606,0.3657,17.6521,0.7568,1.625,0.3363
491,20.463,0.7355,226,683,348,925,-7.1606,0.3657,17.6521,0.7568,1.625,0.3363
492,20.505,0.7358,226,683,348,925,-7.1606,0.3657,17.6521,0.7568,1.625,0.3363
493,20.546,0.7362,226,683,348,925,-7.1603,0.3657,17.6513,0.7568,1.6249,0.3363
494,20.588,0.7352,226,683,348,925,-7.1606,0.3657,17.6521,0.7568,1.625,0.3363
495,20.63,0.736,226,683,348,925,-7.1621,0.3658,17.6557,0.757,1.6253,0.3364
496,20.671,0.7362,226,683,348,925,-7.1617,0.3658,17.6546,0.757,1.6252,0.3364
497,20.713,0.7363,226,683,348,925,-7.1624,0.3658,17.6565,0.757,1.6254,0.3364
498,20.755,0.7357,226,683,348,925,-7.1608,0.3658,17.6525,0.7569,1.625,0.3363
499,20.796,0.7356,226,683,348,925,-7.161,0.3658,17.6529,0.7569,1.6251,0.3363
500,20.838,0.7359,226,683,348,925,-7.1609,0.3658,17.6527,0.7569,1.625,0.3363
501,20.88,0.7361,226,683,348,925,-7.1609,0.3658,17.6528,0.7569,1.625,0.3363
502,20.921,0.7362,226,683,348,925,-7.1607,0.3657,17.6523,0.7569,1.625,0.3363
503,20.963,0.7383,226,683,348,925,-7.1604,0.3657,17.6516,0.7568,1.6249,0.3363
504,21.005,0.7382,226,683,348,925,-7.1588,0.3656,17.6475,0.7566,1.6245,0.3362
505,21.046,0.7391,226,683,348,925,-7.1595,0.3657,17.6494,0.7567,1.6247,0.3363
506,21.088,0.7395,227,683,348,925,-7.2115,0.3687,17.7763,0.7623,1.6367,0.3388
507,21.13,0.7397,227,683,348,925,-7.213,0.3688,17.7801,0.7625,1.6371,0.3388
508,21.171,0.7394,227,683,348,926,-7.1953,0.3678,17.7369,0.7606,1.633,0.338
509,21.213,0.7405,226,683,348,925,-7.1597,0.3657,17.6498,0.7567,1.6248,0.3363
510,21.255,0.7386,227,683,348,926,-7.1959,0.3678,17.7382,0.7607,1.6332,0.338
511,21.297,0.7391,227,683,348,926,-7.1968,0.3679,17.7405,0.7608,1.6334,0.3381
512,21.338,0.7392,227,683,348,926,-7.1964,0.3678,17.7395,0.7607,1.6333,0.3381
513,21.38,0.7392,227,683,348,926,-7.1968,0.3679,17.7403,0.7608,1.6334,0.3381
514,21.422,0.7384,227,683,348,925,-7.2122,0.3687,17.7781,0.7624,1.6369,0.3388
515,21.463,0.7382,226,683,348,926,-7.1474,0.365,17.6197,0.7555,1.622,0.3357
516,21.505,0.7354,226,683,348,926,-7.1552,0.3655,17.6389,0.7563,1.6238,0.3361
517,21.547,0.7345,227,683,348,926,-7.2088,0.3686,17.7697,0.762,1.6361,0.3387
518,21.588,0.7355,227,683,348,925,-7.224,0.3694,17.8069,0.7636,1.6396,0.3394
519,21.63,0.7409,227,683,348,926,-7.2047,0.3683,17.7596,0.7616,1.6352,0.3385
520,21.672,0.7388,227,683,348,926,-7.2059,0.3684,17.7626,0.7617,1.6355,0.3385
521,21.713,0.7386,227,683,348,926,-7.2086,0.3685,17.7693,0.762,1.6361,0.3386
522,21.755,0.7404,227,683,348,925,-7.2191,0.3691,17.7948,0.7631,1.6384,0.3391
523,21.797,0.7414,227,683,348,925,-7.2226,0.3693,17.8034,0.7635,1.6393,0.3393
524,21.838,0.7421,227,683,348,925,-7.2263,0.3695,17.8125,0.7639,1.6401,0.3395
525,21.88,0.7387,227,683,348,925,-7.2307,0.3698,17.8233,0.7643,1.6411,0.3397
526,21.922,0.7381,227,683,348,925,-7.2306,0.3698,17.8231,0.7643,1.6411,0.3397
527,21.963,0.7449,227,683,348,925,-7.2215,0.3693,17.8008,0.7634,1.639,0.3393
528,22.005,0.7459,227,683,348,925,-7.2225,0.3693,17.8033,0.7635,1.6392,0.3393
529,22.047,0.7405,227,683,348,925,-7.2302,0.3698,17.8221,0.7643,1.641,0.3397
530,22.088,0.7408,227,683,348,925,-7.23,0.3698,17.8216,0.7643,1.641,0.3397
531,22.13,0.7411,227,683,348,925,-7.2307,0.3698,17.8233,0.7643,1.6411,0.3397
532,22.172,0.7418,227,683,348,925,-7.2308,0.3698,17.8235,0.7644,1.6411,0.3397
533,22.213,0.7428,227,683,348,925,-7.2307,0.3698,17.8233,0.7643,1.6411,0.3397
534,22.255,0.7431,227,683,348,925,-7.2308,0.3698,17.8235,0.7644,1.6411,0.3397
535,22.297,0.7404,227,682,348,925,-7.2648,0.3717,17.9067,0.768,1.649,0.3413
536,22.338,0.7399,227,682,348,925,-7.2667,0.3718,17.9111,0.7681,1.6494,0.3414
537,22.38,0.7389,227,682,348,925,-7.2693,0.372,17.9176,0.7684,1.65,0.3415
538,22.422,0.7353,227,682,348,925,-7.2698,0.372,17.9189,0.7685,1.6501,0.3416
539,22.463,0.7318,227,683,348,925,-7.2469,0.3707,17.8629,0.7661,1.6449,0.3405
540,22.505,0.7325,227,683,348,925,-7.2462,0.3707,17.8611,0.766,1.6447,0.3404
541,22.547,0.7328,227,683,348,925,-7.2464,0.3707,17.8616,0.766,1.6447,0.3404
542,22.588,0.7333,227,683,348,924,-7.2619,0.3716,17.8995,0.7676,1.6483,0.3412
543,22.63,0.7329,227,683,348,924,-7.268,0.3719,17.9145,0.7683,1.6497,0.3415
544,22.672,0.7301,227,683,348,924,-7.2684,0.3719,17.9154,0.7683,1.6497,0.3415
545,22.714,0.7305,227,683,348,924,-7.2753,0.3723,17.9323,0.7691,1.6513,0.3418
546,22.755,0.7346,227,682,348,924,-7.283,0.3728,17.951,0.7699,1.6531,0.3422
547,22.797,0.7347,227,683,348,925,-7.245,0.3706,17.8583,0.7659,1.6444,0.3404
548,22.839,0.7309,227,683,348,925,-7.2507,0.3709,17.872,0.7665,1.6457,0.3406
549,22.88,0.7306,227,683,347,925,-7.2786,0.3725,17.9403,0.7694,1.6521,0.342
550,22.922,0.7324,227,683,348,925,-7.2471,0.3707,17.8632,0.7661,1.6449,0.3405
551,22.964,0.7423,227,683,348,925,-7.2597,0.3715,17.8942,0.7674,1.6478,0.3411
552,23.005,0.7388,226,683,347,925,-7.2255,0.3695,17.8107,0.7637,1.6399,0.3394
553,23.047,0.7334,226,683,347,925,-7.2358,0.3701,17.8359,0.7649,1.6422,0.3399
554,23.089,0.7264,226,683,348,925,-7.2142,0.3688,17.7831,0.7626,1.6373,0.3389
555,23.13,0.7414,226,684,347,925,-7.2315,0.3698,17.8254,0.7644,1.6412,0.3397
556,23.172,0.7401,227,685,348,925,-7.2579,0.3714,17.8895,0.7673,1.6474,0.341
557,23.214,0.7324,227,685,347,925,-7.2701,0.3721,17.9195,0.7686,1.6502,0.3416
558,23.255,0.7315,227,685,347,925,-7.2683,0.372,17.9151,0.7684,1.6498,0.3415
559,23.297,0.7357,227,685,347,925,-7.2819,0.3728,17.9483,0.7699,1.6529,0.3421
560,23.339,0.7354,227,685,347,925,-7.2835,0.3729,17.9523,0.77,1.6533,0.3422
561,23.38,0.7382,227,685,347,925,-7.2851,0.373,17.956,0.7702,1.6536,0.3423
562,23.422,0.7363,227,685,347,925,-7.2876,0.3731,17.9622,0.7705,1.6542,0.3424
563,23.464,0.7388,227,685,347,925,-7.2854,0.373,17.9568,0.7702,1.6537,0.3423
564,23.505,0.739,227,685,347,925,-7.2845,0.3729,17.9545,0.7701,1.6535,0.3423
565,23.547,0.738,227,685,347,925,-7.2854,0.373,17.9567,0.7702,1.6537,0.3423
566,23.589,0.7387,227,685,347,925,-7.2831,0.3729,17.9512,0.77,1.6532,0.3422
567,23.63,0.7386,227,685,347,925,-7.2837,0.3729,17.9526,0.77,1.6533,0.3422
568,23.672,0.7393,227,685,347,925,-7.2835,0.3729,17.9521,0.77,1.6533,0.3422
569,23.714,0.7356,227,685,347,925,-7.2859,0.373,17.958,0.7703,1.6538,0.3423
570,23.755,0.7382,227,685,347,925,-7.2774,0.3725,17.9372,0.7694,1.6518,0.3419
571,23.797,0.7399,227,684,347,925,-7.3228,0.3751,18.0482,0.7742,1.6623,0.3441
572,23.839,0.7367,227,684,347,925,-7.3282,0.3754,18.0615,0.7748,1.6635,0.3444
573,23.88,0.7371,227,684,347,925,-7.3351,0.3758,18.0783,0.7755,1.6651,0.3447
574,23.922,0.7393,227,685,347,925,-7.2941,0.3735,17.978,0.7712,1.6557,0.3427
575,23.964,0.7449,227,685,347,925,-7.3309,0.3756,18.0681,0.7751,1.6642,0.3445
576,24.005,0.7416,227,685,347,925,-7.3323,0.3757,18.0713,0.7752,1.6645,0.3445
577,24.047,0.7371,227,685,347,925,-7.3337,0.3758,18.0749,0.7754,1.6648,0.3446
578,24.089,0.7345,227,684,347,925,-7.3565,0.3771,18.1305,0.7778,1.67,0.3457
579,24.13,0.732,227,685,347,925,-7.3379,0.376,18.085,0.7758,1.6657,0.3448
580,24.172,0.7476,226,683,348,926,-7.3988,0.3795,18.2339,0.7822,1.6797,0.3477
581,24.214,0.7426,226,684,348,926,-7.3737,0.3781,18.1725,0.7796,1.6739,0.3465
582,24.256,0.7439,225,683,348,926,-7.2907,0.3731,17.97,0.7706,1.6547,0.3425
583,24.297,0.7469,226,683,348,926,-7.3922,0.3791,18.2179,0.7815,1.6782,0.3474
584,24.339,0.7559,226,684,348,926,-7.3605,0.3773,18.1405,0.7782,1.6709,0.3459
585,24.381,0.7559,226,684,348,926,-7.3613,0.3774,18.1423,0.7783,1.6711,0.346
586,24.422,0.7511,226,683,348,926,-7.3835,0.3786,18.1967,0.7806,1.6762,0.347
587,24.464,0.7529,226,683,348,926,-7.3898,0.379,18.2119,0.7813,1.6777,0.3473
588,24.506,0.7565,226,683,348,926,-7.3753,0.3781,18.1766,0.7797,1.6743,0.3466
589,24.547,0.7583,226,683,348,926,-7.3944,0.3792,18.2231,0.7818,1.6787,0.3475
590,24.589,0.756,226,684,348,926,-7.3584,0.3772,18.1351,0.778,1.6705,0.3458
591,24.631,0.7548,226,684,348,926,-7.3804,0.3785,18.1889,0.7803,1.6755,0.3469
592,24.672,0.7529,226,683,348,926,-7.4088,0.3801,18.2583,0.7833,1.682,0.3482
593,24.714,0.7551,226,684,348,926,-7.3795,0.3784,18.1869,0.7802,1.6753,0.3468
594,24.756,0.7565,226,683,348,926,-7.4007,0.3796,18.2387,0.7824,1.6802,0.3478
595,24.797,0.7561,226,683,348,926,-7.4089,0.3801,18.2585,0.7833,1.682,0.3482
596,24.839,0.7555,226,683,348,926,-7.4094,0.3801,18.2598,0.7834,1.6822,0.3483
597,24.881,0.7547,226,683,348,926,-7.4093,0.3801,18.2596,0.7834,1.6821,0.3483
598,24.922,0.7545,226,683,348,926,-7.4092,0.3801,18.2593,0.7833,1.6821,0.3483
599,24.964,0.7539,226,683,348,926,-7.4094,0.3801,18.2599,0.7834,1.6822,0.3483
600,25.006,0.7529,226,683,348,926,-7.4094,0.3801,18.2599,0.7834,1.6822,0.3483
601,25.047,0.7552,226,683,348,926,-7.4094,0.3801,18.2598,0.7834,1.6822,0.3483
602,25.089,0.7557,227,683,348,926,-7.4654,0.3834,18.3966,0.7894,1.6951,0.351
603,25.131,0.7555,227,683,348,926,-7.467,0.3835,18.4005,0.7895,1.6955,0.351
604,25.172,0.7561,227,683,348,926,-7.468,0.3835,18.403,0.7897,1.6957,0.3511
605,25.214,0.7561,227,683,348,926,-7.4689,0.3836,18.4052,0.7897,1.6959,0.3511
606,25.256,0.7552,227,683,348,926,-7.4695,0.3836,18.4066,0.7898,1.696,0.3512
607,25.297,0.7582,226,683,348,926,-7.413,0.3803,18.2686,0.7838,1.683,0.3484
608,25.339,0.7561,226,683,348,926,-7.4137,0.3804,18.2703,0.7838,1.6832,0.3485
609,25.381,0.7557,226,683,348,926,-7.4135,0.3804,18.2699,0.7838,1.6831,0.3485
610,25.422,0.7561,226,683,348,926,-7.4119,0.3803,18.266,0.7836,1.6828,0.3484
611,25.464,0.757,226,683,348,926,-7.4176,0.3806,18.2798,0.7842,1.684,0.3487
612,25.506,0.7587,226,683,348,926,-7.408,0.38,18.2564,0.7832,1.6818,0.3482
613,25.547,0.7585,226,683,348,926,-7.4103,0.3802,18.2621,0.7835,1.6824,0.3483
614,25.589,0.7559,226,683,348,925,-7.4425,0.382,18.3407,0.7869,1.6897,0.3498
615,25.631,0.756,226,683,348,925,-7.4422,0.382,18.34,0.7868,1.6897,0.3498
616,25.673,0.7575,226,683,348,925,-7.4321,0.3814,18.3152,0.7857,1.6873,0.3493
617,25.714,0.754,227,684,348,926,-7.441,0.382,18.337,0.7868,1.6895,0.3498
618,25.756,0.7532,226,683,348,925,-7.4381,0.3817,18.3299,0.7864,1.6887,0.3496
619,25.798,0.7544,226,683,348,925,-7.4378,0.3817,18.3291,0.7864,1.6886,0.3496
620,25.839,0.7554,226,683,348,925,-7.4373,0.3817,18.3279,0.7863,1.6885,0.3496
621,25.881,0.7554,226,683,348,925,-7.4368,0.3817,18.3267,0.7862,1.6884,0.3496
622,25.923,0.7555,226,683,348,925,-7.4361,0.3816,18.3251,0.7862,1.6883,0.3495
623,25.964,0.7534,226,683,348,925,-7.4405,0.3819,18.3359,0.7866,1.6893,0.3497
624,26.006,0.7529,226,683,348,925,-7.4397,0.3818,18.3339,0.7866,1.6891,0.3497
625,26.048,0.752,226,683,348,925,-7.44,0.3819,18.3346,0.7866,1.6892,0.3497
626,26.089,0.7522,226,683,348,925,-7.4462,0.3822,18.3497,0.7873,1.6906,0.35
627,26.131,0.7539,226,683,348,925,-7.4404,0.3819,18.3356,0.7866,1.6892,0.3497
628,26.173,0.7567,226,683,348,925,-7.4378,0.3817,18.3293,0.7864,1.6887,0.3496
629,26.214,0.7538,226,683,348,925,-7.4464,0.3822,18.3503,0.7873,1.6906,0.35
630,26.256,0.7543,226,683,348,925,-7.4554,0.3827,18.3722,0.7882,1.6927,0.3505
631,26.298,0.7544,226,683,348,925,-7.45,0.3824,18.3589,0.7877,1.6914,0.3502
632,26.339,0.755,226,683,348,925,-7.447,0.3823,18.3518,0.7873,1.6908,0.3501
633,26.381,0.7569,226,683,348,925,-7.446,0.3822,18.3492,0.7872,1.6905,0.35
634,26.423,0.752,226,683,348,925,-7.4582,0.3829,18.3791,0.7885,1.6933,0.3506
635,26.464,0.7522,226,683,348,925,-7.459,0.3829,18.381,0.7886,1.6935,0.3506
636,26.506,0.7462,227,682,348,924,-7.5473,0.388,18.5967,0.798,1.7138,0.3549
637,26.548,0.7456,227,682,348,924,-7.5511,0.3882,18.6059,0.7984,1.7147,0.355
638,26.589,0.7446,227,682,348,924,-7.5606,0.3888,18.6292,0.7994,1.7169,0.3555
639,26.631,0.7442,227,682,348,924,-7.5639,0.389,18.6373,0.7997,1.7176,0.3556
640,26.673,0.7437,227,682,348,924,-7.5647,0.389,18.6392,0.7998,1.7178,0.3557
641,26.714,0.7438,227,682,348,924,-7.5647,0.389,18.6392,0.7998,1.7178,0.3557
642,26.756,0.7435,227,682,348,924,-7.5647,0.389,18.6392,0.7998,1.7178,0.3557
643,26.798,0.7462,227,682,348,924,-7.5641,0.389,18.6379,0.7998,1.7177,0.3557
644,26.839,0.7486,227,682,348,924,-7.5615,0.3888,18.6314,0.7995,1.7171,0.3555
